,profile_name,profile_email,gender,nationality,job_title,checked_in
0,Sarah,sarah@example.com,Female,American,Front End Developer,True
1,Norma,norma@example.com,Female,German,IT Consultant,True
2,Jason,jennifer@example.com,Male,Australian,Marketing and Communications Expert,True
3,Deanna,deanna@example.com,Female,Italian,IT Consultant,True
4,Kayla,kayla@example.com,Female,American,Front End Developer,True
5,Jennifer,jared@example.com,Female,Chinese,Post Doctoral Researcher,True
6,Rachel,rachel@example.com,Female,British,Network Administrator,True
7,Elizabeth,elizabeth@example.com,Female,Australian,Software Engineer,True
8,Karen,karen@example.com,Female,French,Data Scientist,True
9,Lauren,lauren@example.com,Female,Japanese,Systems Analyst,True
10,Susan,susan@example.com,Female,German,UX/UI Designer,True
11,Kathy,kathy@example.com,Female,French,UX/UI Designer,True
12,Douglas,diane@example.com,Male,Australian,Network Administrator,True
13,Nicole,nicole@example.com,Female,British,Post Doctoral Researcher,True
14,Lisa,lisa@example.com,Female,Chinese,Systems Analyst,True
15,Danielle,danielle@example.com,Female,American,Front End Developer,True
16,Susan,susan@example.com,Female,Japanese,IT Consultant,True
17,Victoria,victoria@example.com,Female,Italian,Marketing and Communications Expert,True
18,Rhonda,robert@example.com,Female,Canadian,Software Engineer,True
19,Stephanie,stephanie@example.com,Female,Australian,Data Scientist,True
20,Eric,emily@example.com,Male,British,Post Doctoral Researcher,True
21,Monica,monica@example.com,Female,Australian,Data Scientist,True
22,Stephanie,stephanie@example.com,Female,Chinese,Data Scientist,True
23,Melinda,melinda@example.com,Female,British,Post Doctoral Researcher,True
24,Kaitlyn,kaitlyn@example.com,Female,British,IT Consultant,True
25,Ashlee,ashlee@example.com,Female,German,Systems Analyst,True
26,Jessica,jessica@example.com,Female,British,Systems Analyst,True
27,Lisa,lisa@example.com,Female,French,Network Administrator,False
28,Susan,susan@example.com,Female,British,UX/UI Designer,True
29,Tracy,tracy@example.com,Female,Japanese,Data Scientist,False
30,Karen,karen@example.com,Female,Australian,UX/UI Designer,True
31,Sharon,sharon@example.com,Female,German,Software Engineer,True
32,David,debbie@example.com,Male,German,Software Engineer,True
33,Robert,robert@example.com,Male,American,Full Stack Developer,True
34,Kimberly,kimberly@example.com,Female,Chinese,Front End Developer,True
35,Alexis,alexis@example.com,Female,German,Post Doctoral Researcher,True
36,Michelle,nathan@example.com,Female,Italian,Software Engineer,True
37,Jennifer,jennifer@example.com,Female,Australian,IT Consultant,True
38,Samantha,samantha@example.com,Female,Australian,Data Scientist,True
39,Mary,mary@example.com,Female,Chinese,Marketing and Communications Expert,True
40,April,april@example.com,Female,Japanese,Systems Analyst,True
41,Johnny,johnny@example.com,Male,American,Front End Developer,True
42,Sharon,sharon@example.com,Female,Italian,Front End Developer,True
43,Dana,dana@example.com,Female,American,Network Administrator,True
44,Erika,erika@example.com,Female,Chinese,Systems Analyst,True
45,Sheila,sheila@example.com,Female,Italian,Systems Analyst,True
46,Cheryl,cheryl@example.com,Female,Japanese,Network Administrator,True
47,Latoya,latoya@example.com,Female,Japanese,UX/UI Designer,True
48,Cynthia,cynthia@example.com,Female,Italian,Marketing and Communications Expert,True
49,Tracy,tracy@example.com,Female,British,Full Stack Developer,True
50,Regina,regina@example.com,Female,American,UX/UI Designer,True
51,Jerome,jo@example.com,Male,Italian,Systems Analyst,True
52,Angela,angela@example.com,Female,American,Data Scientist,True
53,Erica,francisco@example.com,Female,Australian,Front End Developer,True
54,Jordan,katie@example.com,Male,Chinese,Software Engineer,True
55,Tasha,tasha@example.com,Female,Canadian,Systems Analyst,True
56,Ashley,ashley@example.com,Female,Canadian,Marketing and Communications Expert,True
57,Kristen,kristen@example.com,Female,French,Full Stack Developer,True
58,Michelle,michael@example.com,Female,Chinese,Full Stack Developer,True
59,Kimberly,kimberly@example.com,Female,American,Post Doctoral Researcher,True
60,Robin,robin@example.com,Female,French,Marketing and Communications Expert,True
61,Kimberly,joshua@example.com,Female,German,Systems Analyst,True
62,Tracey,tracey@example.com,Female,American,UX/UI Designer,True
63,Lindsey,lindsey@example.com,Female,Chinese,Systems Analyst,True
64,Kevin,laurie@example.com,Male,Canadian,Data Scientist,True
65,Jill,jill@example.com,Female,Australian,UX/UI Designer,True
66,Linda,linda@example.com,Female,Australian,Post Doctoral Researcher,True
67,Janice,janice@example.com,Female,Canadian,Network Administrator,True
68,Laura,laura@example.com,Female,German,Software Engineer,True
69,Dylan,donna@example.com,Male,British,Data Scientist,True
70,Chelsey,chelsey@example.com,Female,Australian,Software Engineer,True
71,Chelsea,chelsea@example.com,Female,German,Front End Developer,True
72,Lonnie,lisa@example.com,Male,Chinese,Marketing and Communications Expert,True
73,Mary,matthew@example.com,Female,Australian,Marketing and Communications Expert,True
74,Karen,karen@example.com,Female,German,Post Doctoral Researcher,True
75,Ann,ann@example.com,Female,Chinese,Front End Developer,True
76,Nina,nina@example.com,Female,Canadian,Software Engineer,True
77,Sherri,shawn@example.com,Female,Canadian,Full Stack Developer,True
78,Tammy,tammy@example.com,Female,Australian,Marketing and Communications Expert,True
79,Sarah,sarah@example.com,Female,Australian,Marketing and Communications Expert,True
80,Stephanie,stephanie@example.com,Female,French,IT Consultant,True
81,Tammy,thomas@example.com,Female,British,Network Administrator,True
82,Joshua,kimberly@example.com,Male,French,Systems Analyst,False
83,Jeanne,jeanne@example.com,Female,Italian,Network Administrator,True
84,Michele,michele@example.com,Female,Italian,Front End Developer,True
85,Desiree,desiree@example.com,Female,German,Marketing and Communications Expert,True
86,Robin,robin@example.com,Female,Italian,UX/UI Designer,True
87,Sarah,sarah@example.com,Female,Italian,Network Administrator,True
88,Stephanie,stephanie@example.com,Female,Australian,Front End Developer,True
89,Leslie,leslie@example.com,Female,German,Full Stack Developer,True
90,Tiffany,tiffany@example.com,Female,German,Front End Developer,True
91,Lauren,lauren@example.com,Female,German,Systems Analyst,True
92,Joanne,joanne@example.com,Female,Chinese,Software Engineer,True
93,Mary,mary@example.com,Female,British,Data Scientist,True
94,Zachary,zachary@example.com,Male,British,Marketing and Communications Expert,True
95,Sydney,sydney@example.com,Female,Chinese,IT Consultant,True
96,Ricky,ricky@example.com,Male,Australian,Front End Developer,True
97,Bradley,angela@example.com,Male,German,Post Doctoral Researcher,True
98,Lisa,lisa@example.com,Female,Italian,Post Doctoral Researcher,True
99,Katelyn,katelyn@example.com,Female,American,Post Doctoral Researcher,True
100,Lorraine,lorraine@example.com,Female,British,Marketing and Communications Expert,True
101,Sarah,sarah@example.com,Female,Chinese,IT Consultant,True
102,Dana,dana@example.com,Female,French,Post Doctoral Researcher,True
103,Monique,monique@example.com,Female,British,Data Scientist,True
104,Bruce,autumn@example.com,Male,French,UX/UI Designer,True
105,Connie,connie@example.com,Female,Canadian,Front End Developer,True
106,Rebecca,rebecca@example.com,Female,Italian,Post Doctoral Researcher,True
107,Faith,gary@example.com,Female,Japanese,UX/UI Designer,True
108,Rose,rose@example.com,Female,Chinese,UX/UI Designer,True
109,Ashlee,ashlee@example.com,Female,Chinese,Systems Analyst,True
110,Brianna,charles@example.com,Female,American,Data Scientist,True
111,Melissa,melissa@example.com,Female,British,Data Scientist,True
112,Amber,amber@example.com,Female,Italian,UX/UI Designer,True
113,Kenneth,laura@example.com,Male,French,Marketing and Communications Expert,True
114,Susan,susan@example.com,Female,Canadian,Front End Developer,True
115,Kimberly,kimberly@example.com,Female,American,Software Engineer,True
116,Melanie,melanie@example.com,Female,Chinese,Network Administrator,True
117,Alyssa,alyssa@example.com,Female,Japanese,Systems Analyst,True
118,Madison,mark@example.com,Female,Japanese,UX/UI Designer,True
119,Lisa,lisa@example.com,Female,Italian,Full Stack Developer,True
120,Laura,laura@example.com,Female,French,Full Stack Developer,True
121,Jeanne,jeanne@example.com,Female,German,IT Consultant,True
122,Jacqueline,jacqueline@example.com,Female,Canadian,Full Stack Developer,True
123,Veronica,veronica@example.com,Female,American,Full Stack Developer,True
124,Amanda,amanda@example.com,Female,German,Full Stack Developer,False
125,Alison,alison@example.com,Female,Italian,Network Administrator,True
126,Tonya,tonya@example.com,Female,Italian,Software Engineer,True
127,Cathy,cathy@example.com,Female,Italian,UX/UI Designer,True
128,Caleb,caleb@example.com,Male,Italian,IT Consultant,True
129,Christine,christine@example.com,Female,German,Software Engineer,True
130,Rebecca,rebecca@example.com,Female,Italian,UX/UI Designer,True
131,Taylor,taylor@example.com,Female,British,Software Engineer,True
132,Allison,allison@example.com,Female,Australian,Systems Analyst,True
133,Jessica,jessica@example.com,Female,Italian,Systems Analyst,True
134,Ashley,ashley@example.com,Female,French,Post Doctoral Researcher,True
135,Debbie,david@example.com,Female,Chinese,Network Administrator,True
136,Connie,daniel@example.com,Female,Italian,Network Administrator,True
137,Matthew,maria@example.com,Male,German,Post Doctoral Researcher,True
138,Hayley,hayley@example.com,Female,American,UX/UI Designer,True
139,Catherine,catherine@example.com,Female,Chinese,Post Doctoral Researcher,True
140,Kathy,kathy@example.com,Female,American,Full Stack Developer,True
141,Amanda,amanda@example.com,Female,German,IT Consultant,True
142,Ashlee,ashlee@example.com,Female,Australian,Post Doctoral Researcher,True
143,Virginia,virginia@example.com,Female,British,Systems Analyst,True
144,Christina,christina@example.com,Female,Canadian,Marketing and Communications Expert,True
145,Heather,ian@example.com,Female,American,Front End Developer,True
146,Monique,monique@example.com,Female,American,Network Administrator,True
147,Sara,sara@example.com,Female,Australian,Systems Analyst,True
148,Tamara,tamara@example.com,Female,Australian,Data Scientist,False
149,Caroline,christopher@example.com,Female,American,Post Doctoral Researcher,True
150,Megan,megan@example.com,Female,Japanese,Network Administrator,True
151,Tracy,tracy@example.com,Female,British,Marketing and Communications Expert,True
152,Amy,amy@example.com,Female,Italian,IT Consultant,True
153,Megan,michael@example.com,Female,Canadian,Post Doctoral Researcher,True
154,Sarah,sarah@example.com,Female,Chinese,IT Consultant,True
155,Gordon,gloria@example.com,Male,German,Software Engineer,True
156,David,danielle@example.com,Male,German,Marketing and Communications Expert,True
157,Kyle,linda@example.com,Male,Chinese,Front End Developer,True
158,Jessica,jeremy@example.com,Female,British,Post Doctoral Researcher,True
159,Carrie,carrie@example.com,Female,French,Front End Developer,True
160,Kaitlyn,kaitlyn@example.com,Female,Italian,Systems Analyst,True
161,Jason,jennifer@example.com,Male,Japanese,IT Consultant,True
162,Keith,keith@example.com,Male,Italian,Full Stack Developer,True
163,Katie,jordan@example.com,Female,Japanese,UX/UI Designer,True
164,Emily,emily@example.com,Female,French,Systems Analyst,True
165,Heather,heather@example.com,Female,American,IT Consultant,True
166,Sara,sara@example.com,Female,Canadian,Full Stack Developer,True
167,Danielle,david@example.com,Female,French,Marketing and Communications Expert,True
168,Kristina,kristina@example.com,Female,American,Marketing and Communications Expert,True
169,Adam,adam@example.com,Male,British,IT Consultant,True
170,Natalie,natalie@example.com,Female,Australian,UX/UI Designer,True
171,Gabriella,gabriella@example.com,Female,Canadian,IT Consultant,True
172,Amber,amber@example.com,Female,French,UX/UI Designer,True
173,Diana,diana@example.com,Female,German,Systems Analyst,True
174,Cynthia,cynthia@example.com,Female,Italian,Marketing and Communications Expert,True
175,Tiffany,tiffany@example.com,Female,German,Data Scientist,True
176,Heather,heather@example.com,Female,Chinese,Systems Analyst,True
177,Donna,dwayne@example.com,Female,French,Front End Developer,True
178,Heather,heather@example.com,Female,French,Front End Developer,True
179,Theresa,theresa@example.com,Female,German,Software Engineer,True
180,Madeline,madeline@example.com,Female,German,Systems Analyst,True
181,Lisa,lisa@example.com,Female,Italian,UX/UI Designer,True
182,Mike,michelle@example.com,Male,British,Network Administrator,True
183,Jasmine,jasmine@example.com,Female,German,UX/UI Designer,True
184,Jennifer,jennifer@example.com,Female,Italian,Full Stack Developer,True
185,Marilyn,marilyn@example.com,Female,Italian,Software Engineer,True
186,April,april@example.com,Female,Chinese,Front End Developer,True
187,Cheryl,cheryl@example.com,Female,Chinese,UX/UI Designer,True
188,Felicia,felicia@example.com,Female,Chinese,Data Scientist,True
189,Cynthia,david@example.com,Female,Chinese,Systems Analyst,True
190,Marcia,marcia@example.com,Female,British,Front End Developer,True
191,James,jamie@example.com,Male,Canadian,Software Engineer,True
192,Shawn,shawn@example.com,Male,Australian,Systems Analyst,True
193,Laura,laura@example.com,Female,Japanese,Network Administrator,True
194,Jason,jennifer@example.com,Male,German,Post Doctoral Researcher,True
195,Jennifer,jennifer@example.com,Female,Australian,Software Engineer,True
196,Michael,mia@example.com,Male,Australian,Network Administrator,True
197,Jennifer,jennifer@example.com,Female,American,Data Scientist,True
198,Mary,mary@example.com,Female,Italian,Systems Analyst,True
199,Amber,amber@example.com,Female,Australian,UX/UI Designer,True
